step,reference,input,output
0,1,0.1421874999999718,0.0
1,1,0.548532714843666,0.1421874999999718
2,1,1.014649791717429,0.39212646484369695
3,1,1.3363807198464173,0.5889981803893614
4,1,1.5225805606052878,0.697911530011869
5,1,1.65314021311434,0.765506740354683
6,1,1.7624339181174824,0.8222967345187807
7,1,1.8490572215536498,0.8699062292337011
8,1,1.9114603154317564,0.9049215103282209
9,1,1.955755944662417,0.9293265833900972
10,1,1.988606686496984,0.9470994082283307
11,1,2.01354238418389,0.9606355869031432
12,1,2.0322121397534016,0.970872371717624
13,1,2.0459639940806293,0.9784288650047693
14,1,2.0560995391586334,0.9839749471133841
15,1,2.0636332024018778,0.9880864597461988
16,1,2.0692484916533216,0.9911545337111467
17,1,2.0734205441505393,0.9934379904820031
18,1,2.0765123778658108,0.995130337279463
19,1,2.0788051630909665,0.9963842676365335
20,1,2.0805079869898906,0.9973152277545736
21,1,2.081772950478423,0.9980070045735564
22,1,2.0827120142585653,0.9985206977674426
23,1,2.0834088880407093,0.998901890134677
24,1,2.0839261376476172,0.9991847837337496
25,1,2.0843101605643204,0.9993948056892872
26,1,2.08459526995967,0.9995507418738607
27,1,2.0848069157479427,0.9996665030491292
28,1,2.0849640201278827,0.9997524309718882
29,1,2.085080644113291,0.9998162165178103
30,1,2.085167221578597,0.9998635685494243
31,1,2.0852314929881093,0.9998987211236204
32,1,2.0852792042183923,0.9999248164236911
33,1,2.0853146220259613,0.9999441878435052
34,1,2.085340914240458,0.9999585680480433
35,-1,1.8009854322334446,0.9999692431813751
36,-1,0.9883094916608536,0.7156021678487272
37,-1,0.05608609381512884,0.2157301209908442
38,-1,-0.5873677778676614,-0.17800894302367504
39,-1,-0.9597615320750966,-0.3958324003927005
40,1,-0.9365014369803019,-0.5310204144852329
41,1,-0.34239515089690914,-0.36022361629015437
42,1,0.4165948207744959,0.04443665018350349
43,1,0.9352522893109552,0.36815050359509743
44,1,1.2190620486141317,0.5371677875618566
45,-1,1.1301058619193256,0.63681310111059
46,-1,0.48613218323804686,0.43894613484074835
47,-1,-0.3101943281329777,0.013813923934707581
48,-1,-0.8563532994914116,-0.3250117095952089
49,-1,-1.1604325114619038,-0.5051202621727183
50,1,-1.0865424356719913,-0.612987936138023
51,1,-0.45379843311276347,-0.4212566242507204
52,1,0.3341846431416173,-0.0006909605040427078
53,1,0.8741604443498724,0.33475025141301556
54,1,1.1736544550236168,0.5123511451808898
55,-1,1.0963590054751378,0.6183570487929054
56,-1,0.4610852793705137,0.42524229453236717
57,-1,-0.3287757734276865,0.0036493269947230345
58,-1,-0.8701452100939211,-0.3325542083414835
59,-1,-1.1706736367599309,-0.5107208437903848
60,1,-1.0941461712657645,-0.617146757524075
61,1,-0.45944261809044434,-0.4243438505492945
62,1,0.329995177176185,-0.0029823867416609515
63,1,0.871050430355657,0.33304930657188303
64,1,1.17134562781222,0.5110883811902669
65,-1,1.094645021314848,0.6174195984781722
66,-1,0.4598129356594413,0.42454639200976824
67,-1,-0.3297202743926941,0.0031327417997827414
68,-1,-0.870846357489762,-0.3329376912371807
69,-1,-1.1711941351457773,-0.511005523951339
70,-1,-1.3789075614944328,-0.6173580897886414
71,-1,-1.5567948814252106,-0.7088757313799682
72,-1,-1.6995173351939474,-0.7873517755702222
73,-1,-1.80186907622078,-0.845033507075692
74,-1,-1.8739328337496128,-0.8847988568370199
75,1,-1.642972511937202,-0.9136415244843966
76,1,-0.8709887046044489,-0.6513324439805939
77,1,0.030716446837118785,-0.1682001117514844
78,1,0.6517202565858853,0.21319251979603884
79,1,1.0075897648925776,0.4219729611052032
80,1,1.2564202806763185,0.5504593147698705
81,1,1.4658414450346122,0.6590320598063084
82,1,1.6322764498754414,0.7505224791525656
83,1,1.752036163956121,0.8177904104534974
84,1,1.8368859030370752,0.8645543208004114
85,-1,1.6154334022392598,0.8985807676329167
86,-1,0.8505497030830901,0.6401490387674144
87,-1,-0.04587768893772093,0.15990620045800047
88,-1,-0.6629732132466966,-0.21934640682859632
89,-1,-1.0159459914907092,-0.42654264107475764
90,-1,-1.2626247341727668,-0.5538528090290532
91,-1,-1.4704469026535547,-0.6615511577846515
92,-1,-1.6356948382386935,-0.7523921721971593
93,-1,-1.7545737706673301,-0.8191782853142175
94,-1,-1.8387698016272487,-0.8655846754494355
95,1,-1.6168319419102086,-0.8993456886977889
96,1,-0.8515878793053763,-0.6407168656495831
97,1,0.04510702046888915,-0.1603277098800093
98,1,0.6624011096817557,0.21903350296346208
99,1,1.0155212883330513,0.42631035504799286
100,1,1.26230945705516,0.553680371321334
101,1,1.4702128594123258,0.6614231501000658
102,1,1.6355210979770605,0.7522971468709037
103,1,1.754444795306275,0.8191077437324883
104,1,1.8386740572273026,0.8655323091151977
105,1,1.9011358665311224,0.899306814778095
106,1,1.9486005465967267,0.9250630078232687
107,1,1.984153395085575,0.9445592171251309
108,1,2.010331253924293,0.9589469549705589
109,1,2.029618248384871,0.9695008995736221
110,-1,1.7595799460356256,0.9773243457069373
111,-1,0.9575776524422915,0.6987888132648191
112,-1,0.03328493173077725,0.2032575524565588
113,-1,-0.6042921590154974,-0.18726466897460145
114,-1,-0.9723281550951215,-0.4027048637544882
115,1,-0.945831532002932,-0.5361234547044257
116,1,-0.34932086630233594,-0.3640117696858288
117,1,0.41145403413175186,0.04162490878387363
118,1,0.9314360653418092,0.3660633069360043
119,1,1.2162289648368594,0.535618287914763
120,1,1.412377697664415,0.6356627926446256
121,1,1.581636364524166,0.7224672187531739
122,1,1.717946287973556,0.7974329684065244
123,1,1.8155477846200603,0.8525140911963497
124,1,1.8840899237718731,0.8903534762980204
125,1,1.9348888643606768,0.9177662260594741
126,1,1.9736520094903978,0.9387693416412078
127,1,2.0027382247501992,0.9547256651092594
128,1,2.0241256768966713,0.9664908278300823
129,1,2.0398612387279345,0.9751025012572994
130,-1,1.7671850661361128,0.9814839243338146
131,-1,0.963222865201502,0.7018766016972742
132,-1,0.03747516066461311,0.20554939599141048
133,-1,-0.6011815786355574,-0.1855634143549841
134,-1,-0.9700189074301555,-0.4014418698013784
135,1,-0.9441172357210684,-0.5351858336782073
136,1,-0.3480482908893969,-0.363315740436425
137,1,0.4123987070994646,0.04214158805381461
138,1,0.9321373404229853,0.36644685966780094
139,1,1.216749558009266,0.5359030199181909
140,-1,1.128389158257518,0.6358741633941893
141,-1,0.4848578207188665,0.43824912815310313
142,-1,-0.3111403277499396,0.013296519068455935
143,-1,-0.8570555594039391,-0.3253958009697527
144,-1,-1.1609538357188716,-0.5054053940348613
145,-1,-1.371304438981894,-0.6131996037206743
146,-1,-1.5511511515652723,-0.7057887540030717
147,-1,-1.6953282070828628,-0.7850605341183486
148,-1,-1.798759313031026,-0.8433326994093198
149,-1,-1.8716241927216353,-0.8835361946773844
150,1,-1.6412586659892279,-0.91270414976338
151,1,-0.8697164634945871,-0.6506365975746062
152,1,0.03166087163663768,-0.16768356821442584
153,1,0.6524213474406615,0.21357597176721835
154,1,1.0081102213054511,0.4222576183094984
155,-1,0.9724316397466765,0.5506706299926776
156,-1,0.369062825864418,0.37481392798623153
157,-1,-0.39681022179480085,-0.0336140007849648
158,-1,-0.9205672215996619,-0.36011950442796004
159,-1,-1.2081578872845795,-0.5312045663950995
160,1,-1.122009923990594,-0.6323850746651195
161,1,-0.48012261558809033,-0.43565906616956834
162,1,0.3146550334863656,-0.011374146293126275
163,1,0.8596646668483994,0.32682278236852474
164,1,1.162890812530387,0.5064647792365431
165,1,1.3727423809997077,0.6139860754704651
166,1,1.5522185779153772,0.7063725789237929
167,1,1.6961205892348519,0.785493919601875
168,1,1.7993475356394908,0.8436544194089685
169,1,1.8720608617699699,0.8837750253173517
170,-1,1.6415828259249285,0.912881445831497
171,-1,0.8699571008505839,0.6507682118382502
172,-1,-0.03148223626737351,0.1677812708663122
173,-1,-0.6522887382212469,-0.2135034426863638
174,-1,-1.0080117793291736,-0.4222037765653522
175,-1,-1.2567335618354953,-0.5506306608099266
176,-1,-1.466074006586234,-0.6591592570969488
177,-1,-1.6324490902123112,-0.7506169028869881
178,-1,-1.7521643227936075,-0.8178605054465803
179,-1,-1.836981041294893,-0.8646063556118331
180,-1,-1.8998790276516995,-0.8986193954483302
181,-1,-1.94766756113603,-0.9245527138993521
182,-1,-1.9834608144117791,-0.944180416965507
183,-1,-2.009817118456806,-0.9586657561164066
184,-1,-2.0292365775645465,-0.9692921496129875
185,1,-1.7592966137539905,-0.9771693798799455
186,1,-0.9573673232836768,-0.6986737757393178
187,1,-0.033128795497242666,-0.2031721554608935
188,1,0.604408066114654,0.18732806301349175
189,1,0.972414198336667,0.4027519241461039
190,1,1.2302704057763183,0.5361583897845403
191,1,1.4464337123104496,0.6484127035345812
192,1,1.617880748551711,0.7426472727460023
193,1,1.7413515043440941,0.8119473453536529
194,1,1.82895155384863,0.8602153813456347
195,-1,1.6095421281807567,0.8953585637784739
196,-1,0.846176731503529,0.6377570967791166
197,-1,-0.04912349302023107,0.15813090048854234
198,-1,-0.6653827027334014,-0.22066420945599957
199,-1,-1.0177347827142513,-0.42752097780795706
200,1,-0.9795776713631913,-0.5545791148208725
201,1,-0.374367237846292,-0.3777153188456403
202,1,0.39287298400474713,0.03146052797654475
203,1,0.9176444480900496,0.3585209686347159
204,1,1.2059880573062765,0.5300178254026214
205,1,1.4047741237291975,0.6315040596759555
206,1,1.575992299552893,0.7193800580907939
207,1,1.7137569110942712,0.7951415908936016
208,1,1.8124378367584941,0.8508131825257468
209,1,1.8817811456537143,0.8890907391584076
210,1,1.9331749166445027,0.9168287956774522
211,1,1.9723796928334292,0.9380734539155554
212,1,2.001793743868668,0.9542090908987572
213,1,2.0234245444096977,0.9661073530886273
214,1,2.03934075140961,0.9748178271496054
215,1,2.05117368412325,0.981272596562855
216,1,2.060001467340445,0.9860947242022937
217,1,2.066561819691794,0.9896858690139564
218,1,2.071421797534713,0.9923464953931701
219,1,2.0750248759242096,0.9943170135834501
220,-1,1.7933260853366517,0.995780005790987
221,-1,0.9826240239422767,0.7124923624005811
222,-1,0.05186598182514057,0.21342193324603484
223,-1,-0.5905005417879692,-0.179722330686566
224,-1,-0.9620872475825267,-0.3971044012521852
225,1,-0.9382279580810677,-0.531964721743059
226,1,-0.3436768013409751,-0.36092460902887
227,1,0.4156434110036777,0.04391628629277183
228,1,0.9345460131979119,0.3677642156036187
229,1,1.2185377429509634,0.536881025052158
230,1,1.414091645377579,0.6366002230250013
231,1,1.5829086811788997,0.7231631064776041
232,1,1.7188907688534274,0.797949542616119
233,1,1.8162489171058018,0.8528975659371306
234,1,1.8846104110892838,0.8906381504052145
235,-1,1.6509002463728608,0.9179775538300627
236,-1,0.8768734073509505,0.6545512191359124
237,-1,-0.02634843427735553,0.1705891920865088
238,-1,-0.648477699273876,-0.21141908191822334
239,-1,-1.0051825446266371,-0.4206563821276419
240,1,-0.9702582549217618,-0.5494819151354641
241,1,-0.36744944963028586,-0.37393150113979473
242,1,0.39800788593885283,0.03426905079914401
243,1,0.921456303575335,0.36060577599934884
244,1,1.2088178981615911,0.5315655513689724
245,-1,1.1224998806174833,0.6326530514590224
246,-1,0.48048633117041933,0.43585799674553427
247,-1,-0.31438503165417153,0.011521820829488348
248,-1,-0.8594642321788792,-0.32671315690557806
249,-1,-1.1627420206605787,-0.5063833991688337
250,1,-1.088256926102075,-0.6139256633514901
251,1,-0.45507115265064774,-0.4219527323276887
252,1,0.33323986318348264,-0.0012076982912262446
253,1,0.8734590898448993,0.33436665524124093
254,1,1.173133802891357,0.5120663809300142
255,1,1.3803475011134871,0.6181456541046125
256,1,1.557863790684455,0.7094603673616444
257,1,1.700310818176014,0.7877857631407331
258,1,1.8024581160248707,0.845355674031561
259,1,1.8743701094389742,0.8850380192726706
260,-1,1.6432971222097885,0.9138190668593544
261,-1,0.8712296762657471,0.6514642410888704
262,-1,-0.030537563298009107,0.16829795013715637
263,-1,-0.6515874631388442,-0.21311988995389644
264,-1,-1.0074911861558564,-0.4219190445614261
265,1,-0.9719721012418294,-0.5504192900599935
266,1,-0.36872169101636876,-0.37462734769685846
267,1,0.39706346093428224,0.03375250714993493
268,1,0.9207552125683391,0.3602223239449145
269,1,1.208297441635718,0.5312808941028733
270,1,1.4064885214632412,0.6324417361903355
271,1,1.5772649502783436,0.7200761285315529
272,1,1.7147016399698456,0.7956583007417366
273,1,1.8131391533425876,0.851196757957111
274,1,1.8823017696356,0.8893754880127438
275,-1,1.649186400108866,0.9170401789362018
276,-1,0.8756011660064933,0.6538553726016153
277,-1,-0.02729285925102526,0.17007264845420056
278,-1,-0.6491787902579327,-0.21180253396011128
279,-1,-1.0057030011354817,-0.42094103938442734
280,-1,-1.2550196140632501,-0.549693230397237
281,-1,-1.464801689887642,-0.6584633693485308
282,-1,-1.6315046092998815,-0.750100328659586
283,-1,-1.7514631902836961,-0.8174770306925797
284,-1,-1.8364605539595407,-0.8643216814948258
285,1,-1.6151176456263099,-0.8984080676704574
286,1,-0.850315303890926,-0.640020836399353
287,1,0.0460516934377245,-0.1598110306094545
288,1,0.6631023847637656,0.21941705569571465
289,1,1.016041881506077,0.4265950870517594
290,-1,0.9783209176487225,0.553891742071149
291,-1,0.3734343156073669,0.37720505950018113
292,-1,-0.3935655177461815,-0.031839302467026286
293,-1,-0.9181585487175359,-0.35880214843351066
294,-1,-1.2063697022633033,-0.5302265612176077
295,-1,-1.4050574368113455,-0.6316590150019973
296,-1,-1.5762026144588661,-0.7194950878209689
297,-1,-1.7139130367474291,-0.7952269821024455
298,-1,-1.8125537360033614,-0.8508765722688197
299,-1,-1.8818671830646672,-0.8891377963610443
300,1,-1.648863786089692,-0.9168637283902449
301,1,-0.87536167625378,-0.6537243860070515
302,1,0.02747064270281445,-0.16997541174927044
303,1,0.6493107670607305,0.21187471714760592
304,1,1.005800973640492,0.4209946243563923
305,-1,0.9707173434648181,0.5497330089664622
306,-1,0.36779025045148234,0.37411789873682966
307,-1,-0.39775489476251114,-0.03413068005490449
308,-1,-0.9212684966808363,-0.3605030571597556
309,-1,-1.2086784804569852,-0.531489298398527
310,-1,-1.4067713845835836,-0.6325964454146829
311,-1,-1.5774749311574536,-0.7201909755693842
312,-1,-1.7148575176598555,-0.7957435563298457
313,-1,-1.8132548685132703,-0.851260047022819
314,-1,-1.8823876704000169,-0.8894224704780503
315,-1,-1.9336251681150793,-0.9170750561681162
316,-1,-1.9727139334988832,-0.9382562635070502
317,-1,-2.0020418651466882,-0.9543447981053227
318,-1,-2.02360873615984,-0.9662080946645144
319,-1,-2.0394774854301305,-0.9748926123083544
320,1,-1.7669001879378934,-0.9813281129846319
321,1,-0.9630113884395597,-0.701760936502668
322,1,-0.037318172513572445,-0.20546353304877146
323,1,0.601298118151353,0.18562715428724647
324,1,0.9701054201429848,0.40148918696518443
325,1,1.2285564580040804,0.5352209593718548
326,1,1.4451613956118625,0.6477168157861662
327,1,1.6169362676392842,0.742130698518602
328,1,1.7406503718341853,0.8115638705996534
329,1,1.8284310665132808,0.859930707228629
330,1,1.8935307461552568,0.8951472360006023
331,1,1.9429553336330914,0.9219752192790056
332,1,1.9799631659999846,0.9422673735072792
333,1,2.0072206734316973,0.9572457002893259
334,1,2.0273090006362757,0.9682379055747719
335,-1,1.757865649691681,0.976386724646764
336,-1,0.9563050769832669,0.6980927839902096
337,-1,0.03234025872885243,0.20274087316790607
338,-1,-0.6049934341220713,-0.18764822172028894
339,-1,-0.9728487482863825,-0.40298959576822835
340,-1,-1.2305929926099184,-0.5363348254616446
341,-1,-1.4466731818820897,-0.6485436790913277
342,-1,-1.6180585170221822,-0.7427445012570644
343,-1,-1.741483470025586,-0.8120195224584706
344,-1,-1.8290495180977953,-0.8602689618021552
345,-1,-1.893989851453528,-0.895398338995682
346,-1,-1.9432961468924366,-0.9221616236789503
347,-1,-1.9802161664097229,-0.9424057493016241
348,-1,-2.007408487180561,-0.9573484228778392
349,-1,-2.027448423429185,-0.9683141613282092
350,-1,-2.042344149502745,-0.9764433327570438
351,-1,-2.0534473391749395,-0.9825098066998874
352,-1,-2.061696878366109,-0.9870249981808272
353,-1,-2.0678103461166883,-0.9903712967539122
354,-1,-2.0723438042212723,-0.9928506552597575
355,1,-1.7913357664819434,-0.9946914169032223
356,1,-0.981146545695786,-0.711684263494911
357,1,-0.050769200828762726,-0.21282206016306396
358,1,0.591314733650811,0.1801676419357753
359,1,0.962691664149447,0.39743497952614193
360,-1,0.9386766445553839,0.5322101262761113
361,-1,0.34400988023940104,0.36110678320457934
362,-1,-0.4153961521575167,-0.04378105078389014
363,-1,-0.9343624616696862,-0.3676638241901147
364,-1,-1.2184014841959352,-0.5368064998346784
365,1,-1.1296154943739745,-0.6365448995693069
366,1,-0.48576816261252137,-0.4387470374247342
367,1,0.31046455641243836,-0.013666125545490022
368,1,0.8565539022629208,0.32512142699970037
369,1,1.160581428121374,0.5052017104927705
370,1,1.371027983206595,0.6130483989237778
371,1,1.5509459271460773,0.7056765084590507
372,1,1.695175860326727,0.7849772097359365
373,1,1.7986462190312338,0.8432708439643885
374,1,1.8715402377701453,0.8834902764532044
375,1,1.925571342447248,0.9126700625654636
376,1,1.9667356276676333,0.9349862931467833
377,1,1.99760436684498,0.9519177133068544
378,1,2.0203145964409353,0.9644064443593945
379,1,2.037031973211875,0.9735550899664691
380,1,2.0494597363480036,0.980335166148524
381,1,2.058729150639624,0.9853988364526569
382,1,2.0656173387777086,0.9891692947856491
383,1,2.0707206650235728,0.9919630206384972
384,1,2.0745043885879464,0.9940323394659446
385,1,2.0773147033104733,0.9955686780127445
386,1,2.0794026260713343,0.9967104849001943
387,1,2.0809526408449823,0.9975584062645667
388,1,2.0821028343768533,0.9981875790586082
389,1,2.082956535767795,0.9986544821304317
390,-1,1.7992153629736511,0.9990011177244937
391,-1,0.9869955134884707,0.7148834938069177
392,-1,0.05511068572769977,0.21519663148408763
393,-1,-0.588091869014271,-0.1784049747514199
394,-1,-0.9602990626417418,-0.39612639611871714
395,-1,-1.2212754709615716,-0.5312386621126177
396,-1,-1.439756800256108,-0.6447606307045313
397,-1,-1.612924659263045,-0.7399365495345569
398,-1,-1.7376723896782935,-0.8099351390470952
399,-1,-1.8262202526622373,-0.8587215505553547
400,1,-1.607514521725291,-0.8942495808430763
401,1,-0.8446715730002563,-0.6369338584587092
402,1,0.050240822313967315,-0.1575197887390859
403,1,0.6662121485215308,0.22111786367275438
404,1,1.0183505229557142,0.4278577494420171
405,-1,0.9800347639097134,0.5548291169633666
406,-1,0.37470655694959476,0.3779009060332589
407,-1,-0.39262109277416646,-0.031322758835623035
408,-1,-0.9174574577347077,-0.35841869639229457
409,-1,-1.2058492457553704,-0.5299419039613209
410,1,-1.120296077670534,-0.6314476997405943
411,1,-0.47885037420201304,-0.4349632196125077
412,1,0.31559945849093207,-0.010857602643919405
413,1,0.8603657578553923,0.3272062344229574
414,1,1.1634112690562581,0.5067494365026411
415,-1,1.0887537401539478,0.614197390739151
416,-1,0.45543995880745125,0.4221544471377731
417,-1,-0.33296608238916553,0.001357439689626344
418,-1,-0.8732558498819767,-0.3342554954537207
419,-1,-1.1729829285262101,-0.5119838618642263
420,1,-1.0958605002860138,-0.6180843964561957
421,1,-0.4607152178065579,-0.42503989309105406
422,1,0.3290504861671335,-0.00349907587911491
423,1,0.8703491418815843,0.33266574651498787
424,1,1.170825024697665,0.5108036437490893
425,1,1.378633553341242,0.617208223691923
426,1,1.5565914739858624,0.7087644796132264
427,1,1.6993663372635828,0.7872691889133305
428,1,1.8017569835149576,0.8449721992775593
429,1,1.8738496221036214,0.8847533451556627
430,1,1.927285740184287,0.913607739081482
431,1,1.9680082783953083,0.9356823635887591
432,1,1.998549095722205,0.9524344231558924
433,1,2.021015913026253,0.9647900197914284
434,1,2.0375525971946695,0.9738398388213021
435,-1,1.7654712198130424,0.9805465494076427
436,-1,0.9619506238131902,0.7011807551389915
437,-1,0.036530735658387783,0.20503285234129637
438,-1,-0.6018826696437818,-0.18594686641009028
439,-1,-0.970539363956941,-0.4017265270679764
440,-1,-1.2288785948758751,-0.5353971489472646
441,-1,-1.4454005311566394,-0.6478476086505686
442,-1,-1.6171137881466089,-0.7422277914089296
443,-1,-1.7407821534414936,-0.8116359470271073
444,-1,-1.8285288941159097,-0.8599842129478191
445,1,-1.6092283679892767,-0.8951869557369321
446,1,-0.8459438143447074,-0.637629704993003
447,1,0.049296397340302014,-0.1580363323713918
448,1,0.6655110575374777,0.2207344116308683
449,1,1.0178300664468727,0.42757309218523337
450,1,1.264023404768114,0.5546178017015948
451,1,1.4714851760669039,0.6621190378244106
452,1,1.636465578856817,0.7528137210804353
453,1,1.7551459277919317,0.819491218473223
454,1,1.8391945445446485,0.8658169832223569
455,-1,1.6171472485432579,0.8995181425486569
456,-1,0.8518219444572445,0.6408448853179537
457,-1,-0.044933263942004587,0.16042274410236673
458,-1,-0.6622721222462734,-0.21896295477775685
459,-1,-1.0154255349697152,-0.4262579838113271
460,1,-0.9778633750222594,-0.5536414937623472
461,1,-0.37309466238950373,-0.37701928957225367
462,1,0.39381765700501103,0.031977207264289285
463,1,0.91834572319539,0.3589045213797287
464,1,1.2065086504966214,0.5303025574158606
465,-1,1.1207855843356167,0.6317154304328023
466,-1,0.4792137557574776,0.43516196749612895
467,-1,-0.3153297046218859,0.011005141559546322
468,-1,-0.8601655072600565,-0.32709670963737514
469,-1,-1.1632626138329862,-0.5066681311722621
470,-1,-1.3730183866950656,-0.6141370341010541
471,-1,-1.552423468220012,-0.7064846417275048
472,-1,-1.6962726879627397,-0.7855771083279461
473,-1,-1.7994604455167715,-0.8437161741501034
474,-1,-1.8721446800390478,-0.8838208687845797
475,-1,-1.9260200480013003,-0.9129154775339692
476,-1,-1.9670687207298052,-0.9351684750691985
477,-1,-1.9978516362055263,-0.9520529545664642
478,-1,-2.0204981557744617,-0.9645068400419224
479,-1,-2.0371682377611284,-0.9736296183530369
480,1,-1.7651858916530343,-0.9803904919567751
481,1,-0.9617388130243966,-0.701064907252048
482,1,-0.036373499544207516,-0.20494685377792704
483,1,0.6019993932337563,0.18601070701971412
484,1,0.9706260133163026,0.40177391896911074
485,-1,0.9445679185978597,0.5354323301217884
486,-1,0.348382851807064,0.36349872518636955
487,-1,-0.4121503480838386,-0.042005750819262784
488,-1,-0.9319529721895373,-0.3663460215662972
489,-1,-1.2166126929772594,-0.5358281631041407
490,-1,-1.4126625571871627,-0.6358185937794634
491,-1,-1.5818478274224663,-0.7225828763652125
492,-1,-1.7181032658329929,-0.797518825720283
493,-1,-1.8156643164959363,-0.8525778269500413
494,-1,-1.8841764308132476,-0.8904007903598861
495,1,-1.6505780824336256,-0.9178013494504119
496,1,-0.8766342517127964,-0.654420415281657
497,1,0.026525969700896546,-0.17049209103791957
498,1,0.648609491954162,0.2114911644019214
499,1,1.005280380449235,0.4207098923426543
500,1,1.2547058828577216,0.5495216382092448
501,1,1.464568794246394,0.6583359893312191
502,1,1.6313317209532727,0.7500057692789462
503,1,1.751334847337438,0.8174068350032153
504,1,1.8363652790295102,0.8642695719320304
505,1,1.8994219187558334,0.8983693843637405
506,1,1.9473282298958754,0.9243671200736151
507,1,1.9832089141714677,0.9440426428968117
508,1,2.0096301214131356,0.9585634802158771
509,1,2.0290977610485936,0.9692162254561087
510,1,2.043568564009437,0.9771130179286888
511,1,2.054356254571343,0.9830069357644289
512,1,2.0623715907506135,0.9873940254750881
513,1,2.0683112171493194,0.9906452407705701
514,1,2.0727156282551955,0.993054019628126
515,-1,1.7916117890517849,0.9948423847631256
516,-1,0.9813514485271084,0.7117963331499583
517,-1,0.05092130885577191,0.21290525397518847
518,-1,-0.5912018168703753,-0.18010588341903527
519,-1,-0.9626078407558465,-0.39738913325611264
520,-1,-1.2229894186747354,-0.5321760924929932
521,-1,-1.4410291169108418,-0.6454565184289611
522,-1,-1.6138691401429175,-0.740453123744152
523,-1,-1.7383735221640362,-0.8103186137878771
524,-1,-1.8267407399796476,-0.8590062246625488
525,-1,-1.8922759037373613,-0.8944609086136642
526,-1,-1.942023830235473,-0.9214657359533007
527,-1,-1.9792716855281962,-0.9418891750911241
528,-1,-2.0067073546935914,-0.9569649481363863
529,-1,-2.026927936110863,-0.968029487220517
530,1,-1.7575827674899964,-0.9762320049860852
531,1,-0.9560950819392195,-0.6979779292050206
532,1,-0.03218437052357327,-0.20265561182858538
533,1,0.6051091570987106,0.18771151505537956
534,1,0.9729346548455118,0.40303658140288945
535,-1,0.9462817649179197,0.5363697050463135
536,-1,0.3496550931931415,0.3641945717434303
537,-1,-0.4112059230792722,-0.04148920717005589
538,-1,-0.9312518811825445,-0.3659625695118646
539,-1,-1.2160922364513884,-0.5355435058380428
540,1,-1.127901198033035,-0.6356072785107774
541,1,-0.4844955871557278,-0.4380510081513447
542,1,0.31140922941270655,-0.013149446257743315
543,1,0.8572551773682651,0.3255049797447152
544,1,1.1611020213117222,0.5054864425060115
545,-1,1.0870394438130162,0.6132597696806259
546,-1,0.4541673833506635,0.42145841786438676
547,-1,-0.3339107553894293,0.0008407604018819334
548,-1,-0.873957124987317,-0.3346390481987336
549,-1,-1.1735035217165555,-0.5122685938774655
550,-1,-1.380621960892321,-0.618295767213043
551,-1,-1.558067533385807,-0.7095718024962769
552,-1,-1.7004620649864253,-0.7878684859198478
553,-1,-1.8025703934855322,-0.8454170828793345
554,-1,-1.8744534582367838,-0.8850836059677161
555,-1,-1.9277339957765478,-0.9138529079483009
556,-1,-1.9683410374306263,-0.9358643628188354
557,-1,-1.9987961171196114,-0.9525695287947715
558,-1,-2.021199288285602,-0.9648903147965955
559,-1,-2.037688725097391,-0.9739142924705421
560,-1,-2.0499472736791002,-0.9806018197350174
561,-1,-2.059091070270004,-0.9855967847523224
562,-1,-2.0658860073940843,-0.989316240134184
563,-1,-2.070920109987092,-0.9920721047925581
564,-1,-2.074652445754526,-0.9941133176957484
565,1,-1.7930496128050057,-0.9956287918293895
566,1,-0.9824187870840926,-0.7123801100531909
567,1,-0.05171362583498405,-0.213338603813176
568,1,0.59061364264259,0.17978418988067085
569,1,0.9621712076226643,0.3971503222595454
570,1,1.2226652854004667,0.5319988110070553
571,1,1.4407884993468234,0.6453249149903237
572,1,1.613690519466127,0.7403554291281538
573,1,1.7382409238515046,0.8102460906724228
574,1,1.8266423061000403,0.8589523873467876
575,-1,1.6078278318368162,0.894420942718303
576,-1,0.8449041560445074,0.6370610675045085
577,-1,-0.05006816602215339,0.15761422119989088
578,-1,-0.6660839778399732,-0.22104776220168595
579,-1,-1.0182553759055106,-0.4278057098216962
580,-1,-1.2643391319701767,-0.5547904855780907
581,-1,-1.471719553426045,-0.6622472282511387
582,-1,-1.636639567149187,-0.7529088820643932
583,-1,-1.7552750872773457,-0.8195618607597593
584,-1,-1.8392904256283784,-0.8658694243142969
585,-1,-1.9015934253887452,-0.8995570719643521
586,-1,-1.9489402118637096,-0.9252487843413305
587,-1,-1.9844055432890073,-0.9446971268145468
588,-1,-2.010518435042127,-0.9590493315484419
589,-1,-2.029757201547344,-0.9695768984678225
590,-1,-2.044058097218918,-0.9773807631390656
591,-1,-2.054719655831907,-0.9832056944255391
592,-1,-2.06264135924764,-0.9875415723913293
593,-1,-2.068511478603662,-0.9907547714953675
594,-1,-2.072864291539596,-0.9931353293674512
595,-1,-2.076097148494692,-0.9949027446741813
596,-1,-2.078498802931507,-0.9962161409897783
597,-1,-2.0802817086712997,-0.9971914465153067
598,-1,-2.0816047695645876,-0.9979151698735166
599,-1,-2.0825867949173364,-0.9984522571365045
600,1,-1.7989408868444787,-0.9988509956734243
601,1,-0.9867917586495262,-0.7147720520337619
602,1,-0.054959429907006974,-0.2151139037768981
603,1,0.5882041531636699,0.1784663872575255
604,1,0.9603824164049006,0.39617198552950667
605,-1,0.9369623482144442,0.531272505217582
606,-1,0.3427373047826072,0.3604107539311895
607,-1,-0.41634082515778453,-0.044297730071636864
608,-1,-0.9350637367750294,-0.3680473769351291
609,-1,-1.2189220773862823,-0.5370912318479188
610,-1,-1.4143769549802827,-0.6367562703261547
611,-1,-1.583120478191772,-0.7232789468299576
612,-1,-1.719047994741123,-0.798035535586224
613,-1,-1.8163656331041982,-0.8529614023946237
614,-1,-1.8846970548130753,-0.8906855392240355
615,-1,-1.9353395659111954,-0.9180127327164463
616,-1,-1.9739865842704116,-0.9389523339730115
617,-1,-2.002986594056467,-0.9548615079721654
618,-1,-2.0243100527693256,-0.9665916701097661
619,-1,-2.0399981094308677,-0.9751773611730006
620,-1,-2.051661671416139,-0.9815394962510359
621,-1,-2.0603637209976764,-0.9862928551942971
622,-1,-2.066830736271308,-0.9898329499832207
623,-1,-2.0716214265724107,-0.992455680224592
624,-1,-2.075173069737323,-0.9943980665505827
625,-1,-2.077811096269933,-0.9958401750885092
626,-1,-2.0797711196323228,-0.9969120287394125
627,-1,-2.0812261895853807,-0.9977080207436115
628,-1,-2.0823059020757255,-0.9982986446281878
629,-1,-2.0831072822535983,-0.9987369312540095
630,-1,-2.083702268870543,-0.9990623234516661
631,-1,-2.0841440158951308,-0.999303929534035
632,-1,-2.0844719377568817,-0.9994832901331535
633,-1,-2.084715350057178,-0.9996164245547464
