step,reference,input,output
0,1,0.17205989719536668,-0.21009158467100167
1,1,0.6309127444968714,0.1930862212869108
2,1,1.1244659783233732,0.2979432446504868
3,1,1.4565787004324284,0.61731723835955
4,1,1.6071614157757779,0.941008568528154
5,1,1.5722265817475192,1.4115961506341577
6,1,1.4498613432574043,0.9207008153613755
7,1,1.4740807805544303,0.5455717555215459
8,1,1.7213620059823163,0.33777608437836987
9,1,1.9327419778106025,1.3683732589402062
10,1,1.9051509629483587,0.9848976731348229
11,1,1.8350073968846194,0.9185623029825977
12,1,1.8018842029336821,1.3220861161592745
13,1,1.7597918527644927,0.8447063842560766
14,1,1.8194476124600176,0.6020775721404749
15,1,1.9938716095368565,0.7375228377139529
16,1,2.1081472235510756,1.1394062240096843
17,1,2.081180306483611,1.0576175793583633
18,1,2.001764447934558,1.1545571342171606
19,1,2.0449738434092346,0.3006562836423349
20,1,2.1727726642051355,1.4205787501152163
21,1,2.1975094063172143,0.7101270701514266
22,1,2.2162465518591206,0.9452024207239857
23,1,2.300407706098561,0.6967693216436219
24,1,2.423733975335945,0.8332156763837617
25,1,2.5079140355982408,0.9875002557061306
26,1,2.496060413984969,1.1850278098258662
27,1,2.4473790309590737,0.8867039336122344
28,1,2.4103318075861564,1.2758729245131282
29,1,2.3508966710538024,1.0211903679692576
30,1,2.226376298675534,1.602700926785764
31,1,2.0092076266021173,1.3234646225711437
32,1,1.874429685075644,0.783667355368189
33,1,1.8452826954116435,1.447844775135291
34,1,1.7931199518148802,0.8692103630864361
35,-1,1.5297745686027708,0.7184186482106892
36,-1,0.8440539273918065,0.5112558469423821
37,-1,-0.019016039253877626,0.4700359304345273
38,-1,-0.7074907125107205,-0.2442723599548692
39,-1,-1.098978775398519,-0.4924145235202937
40,1,-1.0365400401206648,-0.5502295817471634
41,1,-0.445929686175232,-0.1380129122024194
42,1,0.27450097289174435,-0.13167330234100177
43,1,0.8958837592391391,-0.2555860220353975
44,1,1.302976983688414,1.120500614344996
45,-1,1.1012336808380288,0.8874330977924099
46,-1,0.39061101753145,-0.30454601613517024
47,-1,-0.203742670474091,-0.2128707054298386
48,-1,-0.5676038176466739,-0.2510872844939479
49,-1,-0.8592911398155861,-0.5659417360616448
50,1,-0.8431683672595729,-0.40077060848886553
51,1,-0.29718615713805885,-0.24019886354459316
52,1,0.36493014869268786,0.3669104827648796
53,1,0.8042744082620632,0.18122873825410002
54,1,1.1009895288177274,0.5627963148520938
55,-1,1.0073050399364951,0.8860306070564659
56,-1,0.2248733393949443,0.9261458483880178
57,-1,-0.6924816855622344,-0.39523704684607563
58,-1,-1.2570229496455445,0.19306930343732198
59,-1,-1.5579975241658324,-1.0154425123296007
60,1,-1.3783245117229728,-0.7870166192107727
61,1,-0.6468527236149351,-0.29820471822011974
62,1,0.10123885829636856,0.2030510140671941
63,1,0.5377312278852132,0.40296410333663424
64,1,0.8271836634664931,0.21667513046324144
65,-1,0.8189195316022605,0.7454997355405886
66,-1,0.2148707803799068,0.30973932649721275
67,-1,-0.5996354022297574,0.24007017525475405
68,-1,-1.1742017149497461,-0.523862221951421
69,-1,-1.4745851574182365,-0.3489417181249488
70,-1,-1.6649861967913218,-0.847532392201357
71,-1,-1.7449738710726104,-1.073152303866724
72,-1,-1.6928189616381863,-1.2243050812943417
73,-1,-1.559787537735664,-1.2931580939187377
74,-1,-1.4002794787144892,-1.3140514373145438
75,1,-1.0841145020253589,-0.3973913311882375
76,1,-0.4781881018610193,-0.2817294036072441
77,1,0.1790039024779615,0.1563615228709111
78,1,0.6552320045064012,0.24630501288748052
79,1,0.9916096781335504,0.39638414496340985
80,1,1.1897310793579796,1.0928433426751374
81,1,1.252017029543635,0.6876059016724712
82,1,1.3387847229482412,0.7108872203136338
83,1,1.515336448327501,0.5487866523379161
84,1,1.6781035797719124,1.0288074957333522
85,-1,1.479962369993407,0.6659156714091284
86,-1,0.7362385676435137,0.7136167171031573
87,-1,-0.15010750233741194,0.12387011014388655
88,-1,-0.6906456569481991,-0.7517289204542437
89,-1,-0.9297826427553275,-0.15407627883323724
90,-1,-1.12492893744801,-0.9490111594020534
91,-1,-1.3357603794485997,-0.20898222684513568
92,-1,-1.5992659724327565,-0.6670975448145045
93,-1,-1.7767390144504156,-1.015751192577003
94,-1,-1.776971579834608,-1.1287405100162777
95,1,-1.3928357265392997,-1.211833688977665
96,1,-0.5086695158316857,-0.6047275334739907
97,1,0.4402205540703421,-0.4154560761621694
98,1,1.1120410580765947,0.18225886071336514
99,1,1.4955632719687761,0.47520746178192497
100,1,1.6626743298678934,1.0314961943604568
101,1,1.6796052777094397,0.9505646504863892
102,1,1.678963153491727,0.8825215937209584
103,1,1.8606120733200782,-0.05018163006535292
104,1,2.1158277626408033,1.4475932427595959
105,1,2.1172669658388665,1.0817948684471372
106,1,1.996269170379914,1.0345010145731657
107,1,1.9469827984920853,1.0297229693074241
108,1,2.011092498055793,0.5876785103629241
109,1,2.135712100937915,0.9997706944156842
110,-1,1.8954265960013317,1.0810717656388986
111,-1,0.9969590179914639,1.0701876606609697
112,-1,-0.07822157727540524,0.33527665906571225
113,-1,-0.8439624094916804,0.12248878993874357
114,-1,-1.1602364635102407,-1.3997438835587728
115,1,-0.9033468962296246,-0.3444672574234777
116,1,-0.19920759483559625,-0.47461415191025824
117,1,0.48690816189230673,0.47514575840656303
118,1,0.841487772482868,0.5571643730163012
119,1,1.0924146400117807,-0.007012235116399312
120,1,1.4255418709881573,0.6786299071564782
121,1,1.693267637534426,0.6006992957353299
122,1,1.905223461723296,0.4079414034769018
123,1,2.0959919905123643,0.9476569372828582
124,1,2.1114354857317537,1.4225839315751214
125,1,1.9583992282240923,1.126686613447049
126,1,1.8741399565979338,0.8079668546947087
127,1,1.9820163254451157,0.5841361582367697
128,1,2.0399984141283265,1.75871368878605
129,1,1.8738769112389382,1.0456629836631348
130,-1,1.4902632685429107,0.7331833559766259
131,-1,0.7304394845954495,0.8629369758692322
132,-1,-0.1937681061065175,0.32325031038404717
133,-1,-0.8566727325011834,-0.41095767183418164
134,-1,-1.2119888113841761,-0.22741705677004181
135,1,-1.13831786401363,-0.9579687781541769
136,1,-0.42250809487506374,-0.52068213980533
137,1,0.45334556128056824,-0.07558813295724438
138,1,1.0024527907149043,0.499833559557089
139,1,1.2071820719940676,0.8240286373553802
140,-1,1.0205553337486002,0.5602652595979657
141,-1,0.35009524184115925,0.519284013738779
142,-1,-0.39737014950992655,-0.32131478787012735
143,-1,-0.8492850832983612,-0.33646059102581843
144,-1,-1.1216420160836456,-0.3983856013280428
145,-1,-1.3453099809759252,-0.7816517453504177
146,-1,-1.4115409114097184,-1.3486510320896115
147,-1,-1.4289451166163833,-0.21239334477894956
148,-1,-1.6270282273321195,-0.6981019368663608
149,-1,-1.8335498854389987,-0.9357209768195446
150,1,-1.5819241935056731,-1.1528196475834005
151,1,-0.7920392813613022,-0.07842654850184738
152,1,-0.019688155144284722,-0.11611468414646241
153,1,0.5271438398936492,0.0017906417010130626
154,1,0.8803908680013796,0.842709451881789
155,-1,0.7587012165463232,0.6683643977987559
156,-1,0.14097860552429284,-0.17181475471919905
157,-1,-0.48238597389958493,-0.05650385674304613
158,-1,-0.8216507778749743,-0.978243153309943
159,-1,-0.9382826989063711,-0.5332587982473728
160,1,-0.8703092378257293,-0.061969581823478004
161,1,-0.40088938056974616,-0.49047476043961713
162,1,0.3567658052244601,-0.30270166446838376
163,1,1.0358543052683116,0.1322932473883565
164,1,1.4504123755195313,0.5428735132211366
165,1,1.587302463872412,1.1744240870691423
166,1,1.569533454722847,0.7986084234718821
167,1,1.6632410067515178,0.37738059685155656
168,1,1.9984578267416198,0.07381634025653905
169,1,2.282775480699393,1.4887907732583374
170,-1,1.9063538173908297,1.4055885671264312
171,-1,0.9690650881255363,-0.017693331228371245
172,-1,0.16391473366113818,0.27718635968701477
173,-1,-0.4506814154471766,0.4247773053438946
174,-1,-0.9957959475695521,-0.4326300733902813
175,-1,-1.3204339503620068,-0.7755735533964989
176,-1,-1.4418062604554926,-0.7127825112785715
177,-1,-1.5464216229938739,-0.6784187921444575
178,-1,-1.6635043522931792,-0.966960949590315
179,-1,-1.6707646333332555,-1.2829908309227243
180,-1,-1.5879164022188064,-0.950364176418605
181,-1,-1.6135975208104076,-0.5683027425521878
182,-1,-1.7341573849429,-1.1163184384749143
183,-1,-1.7818584798493409,-0.9196813894416702
184,-1,-1.7829938387715358,-0.9524504923319765
185,1,-1.5804528545051106,-0.4970686080705122
186,1,-0.923567182813758,-0.6845896502952004
187,1,-0.07970779458376268,-0.13415661658855882
188,1,0.5854007546556734,-0.06186197659038528
189,1,1.0228130266671462,0.46730367393063066
190,1,1.2533379748024656,0.8506925671775442
191,1,1.4261950552408005,0.2075507422771617
192,1,1.6819999504471739,0.6789926582749933
193,1,1.9333184903231955,0.5358079113590062
194,1,2.087814530275475,1.0106991955681377
195,-1,1.8465840738904213,0.8925989851853899
196,-1,0.9959019628133992,1.0298327575353596
197,-1,-0.05926402715856666,0.48303886810725527
198,-1,-0.8631861618477986,0.12130381750336677
199,-1,-1.3493176419533326,-0.39865423658715415
200,1,-1.2742945485612052,-1.053607653123787
201,1,-0.444595119484285,-0.8506505131793934
202,1,0.5037541571830311,0.24697746520353644
203,1,0.9935092659411995,0.5213440035048641
204,1,1.0938773061482387,1.0990961906446004
205,1,1.1016390486154855,0.6096918830672308
206,1,1.265263649450167,0.38445754131099624
207,1,1.5079022779841071,0.9190178963504341
208,1,1.5415900036903873,1.4978018563495894
209,1,1.4323322743541367,0.6487029388943739
210,1,1.4784780874901915,0.7310522077642579
211,1,1.6693424549859242,0.6216385965055562
212,1,1.9272993376609122,0.2901396228357602
213,1,2.207173723767858,0.6843296311749311
214,1,2.2755825484300596,1.663106605226441
215,1,2.1066135211815658,0.9562696220794877
216,1,1.9821317100557894,1.1265725854941282
217,1,1.9709209523889903,0.9356037943847612
218,1,2.0073017542247444,0.9371745045795895
219,1,1.9917564586723802,1.3244078026478883
220,-1,1.5119860837076393,1.7648860561470914
221,-1,0.4883179202692608,0.325759715620364
222,-1,-0.3888175414629482,-0.07696766800385876
223,-1,-0.8704292460242317,-0.13637190944602826
224,-1,-1.1673725459458293,-0.6166490422894054
225,1,-1.1429491558010452,-0.3026787370885535
226,1,-0.5271820591479596,-0.8619986737825857
227,1,0.345590134949144,0.017458264452799903
228,1,1.0139988265420872,-0.13631436415849485
229,1,1.4497678325838506,0.46430502243745353
230,1,1.7211240479807044,0.6105438466599408
231,1,1.8016693433772883,1.3574740352698633
232,1,1.6747934943067069,1.2927494259929728
233,1,1.5051323552409754,1.1218252287478487
234,1,1.511255175328229,0.4501443375294856
235,-1,1.4265583763595642,0.7411172582119615
236,-1,0.8164278564179239,0.43891050782058133
237,-1,0.04873802567826434,-0.23439903974484944
238,-1,-0.408724366966346,-0.5212745966724497
239,-1,-0.6583172354389626,-0.2589135410387965
240,1,-0.6283656566098971,-0.63974060979395
241,1,0.012905340790219544,-0.7554395383745861
242,1,0.8957161001776494,0.02248111375221093
243,1,1.462470278344663,0.4850895168678709
244,1,1.7413015917011632,0.27910149975483023
245,-1,1.6094056061985744,1.2367958726219914
246,-1,0.8250488319655298,0.4901864818805508
247,-1,-0.07417935908950705,0.06502527789255239
248,-1,-0.678602890419008,-0.014224891335860551
249,-1,-0.9941441682596832,-0.9522735702473499
250,1,-0.8967834378640026,-0.14957578607296718
251,1,-0.4036865440816056,0.10280567048946754
252,1,0.19461753524236486,-0.17404048758889262
253,1,0.7487073966074842,0.06131328427577232
254,1,1.232468315366679,0.12230482658997127
255,1,1.5852143085635573,0.7474117587817468
256,1,1.7914922317853037,0.510453589059225
257,1,1.8845798153394424,1.2398645968846884
258,1,1.850883627752396,1.0258855885123852
259,1,1.7986144802646211,0.9833995114216015
260,-1,1.5812659621816052,0.5049168883120396
261,-1,0.9786584266874865,0.31639901822231936
262,-1,0.2318610480475488,0.20308564041591087
263,-1,-0.4119756386926025,0.12474369095762315
264,-1,-0.8724003814597183,-0.5677875000755293
265,1,-0.8818738650611039,-0.3396770277261757
266,1,-0.3119775231821354,-0.3279045321714589
267,1,0.4059361612997682,0.1505428655817005
268,1,0.8215307585610401,0.8415953847858708
269,1,0.9748767589576732,0.4374937770135853
270,1,1.082448296371127,1.0347103513717064
271,1,1.1618977579473315,0.7578046301534728
272,1,1.3174521097035687,0.30164999268558673
273,1,1.59369694121803,0.5972961054861587
274,1,1.8182982994754688,0.8538836077887323
275,-1,1.5639525364941433,1.2997376748374916
276,-1,0.6067591717820651,1.0345242973806326
277,-1,-0.4505964259952062,0.059457463031521406
278,-1,-1.1148245776122347,0.03386066373695834
279,-1,-1.487348789288891,-0.5152892084472245
280,-1,-1.6466239249736931,-1.1608787835875058
281,-1,-1.6673077760961474,-0.6819868234099445
282,-1,-1.7382847028124315,-0.7740137957677732
283,-1,-1.8413356240954901,-0.993565339164166
284,-1,-1.8895416549014055,-0.9042045438198644
285,1,-1.635268439288773,-0.888231394566584
286,1,-0.8245035106312284,-0.9503355368773554
287,1,0.22950402749880697,-0.7012013913204889
288,1,1.0039981935724132,0.478965013987817
289,1,1.351783968833251,0.4134050175093944
290,-1,1.2785569217954917,0.4133978153084624
291,-1,0.7519679996912869,0.03815659595379056
292,-1,0.03814523750067611,0.4818976084830181
293,-1,-0.612416497711197,-0.17596029786281983
294,-1,-1.0210175477229064,-0.647175818165755
295,-1,-1.2642025834292347,-0.25320799933076205
296,-1,-1.501325617114148,-0.7355818652160402
297,-1,-1.6187377755134058,-1.2260396473822237
298,-1,-1.6056021509693448,-0.7442638236124592
299,-1,-1.6747921509326649,-0.6218902070837667
300,1,-1.5409644051133617,-0.9304458735688332
301,1,-0.7836941072554748,-0.8648846268964229
302,1,0.14899193844894149,0.12760322186908624
303,1,0.6416753277860014,0.8121732914749068
304,1,0.7788759857918476,0.43482059921793825
305,-1,0.7165810598971865,0.12549272366102016
306,-1,0.3428880617716977,-0.22350052332321818
307,-1,-0.18677746234656184,0.0664198555508766
308,-1,-0.6544536477503269,-0.4722974642832404
309,-1,-0.9917502131168989,-0.29907429939542196
310,-1,-1.2590170481086345,-0.6301516110575316
311,-1,-1.5053946028134937,-0.3808979281157013
312,-1,-1.7038997782013814,-0.9955347359154095
313,-1,-1.7477269989983182,-1.1094907297008905
314,-1,-1.7921129840601786,-0.2969622987580891
315,-1,-2.0000377775192906,-0.7204160495612211
316,-1,-2.2427493294760557,-0.5618770702422735
317,-1,-2.361225135189359,-1.2356116732268903
318,-1,-2.369736601861144,-0.6689201369153921
319,-1,-2.4270116363408176,-0.8778893079367394
320,1,-2.204133209184488,-1.1015640868766063
321,1,-1.3257189274309487,-1.1096292827388765
322,1,-0.23441597771524708,-0.36616699722266494
323,1,0.4851296493826759,0.34364806221667465
324,1,0.8379997879531308,0.23793618601756705
325,1,1.0491051124283715,0.9085684237115186
326,1,1.2051142269061812,0.48177204916581173
327,1,1.3555595985003075,0.8996457917022992
328,1,1.513521300084507,0.4533979851422112
329,1,1.7234934813983631,0.6136779472649913
330,1,1.8964467667740803,0.9639105367868246
331,1,1.9334214836719896,1.0634317789006735
332,1,1.943245811206239,0.6594851207017394
333,1,2.015108019168724,1.0250272305518309
334,1,2.0948947224528864,0.742353927168721
335,-1,1.9243881494624158,0.665234327379532
336,-1,1.2432623714122606,0.6290309347969422
337,-1,0.2721575852118835,0.9336072995530829
338,-1,-0.6074257894204766,0.023269617504898282
339,-1,-1.109003468037629,-0.6672660856905898
340,-1,-1.2268018278260915,-1.0665025404307926
341,-1,-1.2699201559755313,-0.322688772633726
342,-1,-1.4622152714748635,-0.7371171631661617
343,-1,-1.6287093073586245,-1.0323659618570886
344,-1,-1.6749789581015868,-0.798838958546945
345,-1,-1.7177522736985964,-0.8643224023123579
346,-1,-1.825033169556233,-0.6411775108545016
347,-1,-1.9602595078821667,-0.8997816062820793
348,-1,-1.9761956929680395,-1.3789853118899338
349,-1,-1.9510984815776782,-0.4113502753165649
350,-1,-2.076097688262319,-0.8380286015070025
351,-1,-2.273489848052259,-0.552849826378738
352,-1,-2.4291709769689094,-0.9553600798171747
353,-1,-2.4788302788294048,-1.0022315366377699
354,-1,-2.4259163492280096,-1.2688757342192176
355,1,-2.047121636198766,-1.0356191568362125
356,1,-1.0690393466296084,-1.5585768275118248
357,1,0.12691199446751722,-0.42035467835623347
358,1,0.9531961456817283,0.0341393092707305
359,1,1.2918335063508086,0.9584511582001687
360,-1,1.1045153025946917,0.47379147552770495
361,-1,0.43925955764484614,0.368125863128463
362,-1,-0.28509973167500724,-0.13942679120025714
363,-1,-0.8143230869833751,0.028016886681397457
364,-1,-1.1926196902952062,-0.5868356165944588
365,1,-1.0740009471295089,-1.171774742447184
366,1,-0.23239130433426025,-0.6636790157517933
367,1,0.6948124659161451,0.11745341638669596
368,1,1.2081470334330908,0.40343838100450635
369,1,1.4488683078029985,0.47956346928679305
370,1,1.5952246780628863,1.0103324345708584
371,1,1.6631545714806197,0.8008383732722234
372,1,1.7585392755755476,0.5890376565623423
373,1,2.0055702243496145,0.19001235561629626
374,1,2.313277769756434,0.828443951012564
375,1,2.4774576309059455,0.8598352612107827
376,1,2.367212632103527,1.9736228876500954
377,1,2.1096825284220833,0.7804126198497123
378,1,2.106298186789921,0.4909530373764412
379,1,2.3396893953923303,0.774999510905894
380,1,2.526552609347746,0.8240286894729887
381,1,2.4967558188750063,1.6279033639967475
382,1,2.257630563708801,1.379908498099537
383,1,2.1288473993761503,0.4657794732510355
384,1,2.256057078609519,0.9224162861235915
385,1,2.3529950724564817,1.2190813903096365
386,1,2.2566928838667097,1.3076334924944801
387,1,2.092406646650325,1.1534985720785274
388,1,2.001971650832961,1.0329640322325353
389,1,2.049420375918765,0.593625127618671
390,-1,2.0096415996918155,0.17572889983397377
391,-1,1.509332076185749,0.5811714379021491
392,-1,0.7169434794699543,0.20006625553030327
393,-1,0.02487044275048017,0.06841679503187159
394,-1,-0.48569015487572487,-0.11998255746710702
395,-1,-0.9128132619316504,-0.1605034083136691
396,-1,-1.3148456871567737,-0.2719034086388298
397,-1,-1.5982813101065279,-0.9462146549931112
398,-1,-1.670387677050389,-0.9982688062776117
399,-1,-1.6576691720888697,-0.8572619070009001
400,1,-1.42017743040519,-0.8142707358047239
401,1,-0.6232391788367149,-1.1403513417616598
402,1,0.38946031806403797,-0.11796921067111629
403,1,1.0323791169904775,0.46026138603106376
404,1,1.3501866308300676,0.09549656902463521
405,-1,1.369532572099934,0.47266832050697893
406,-1,0.7719978265655276,0.851712152272204
407,-1,-0.11319817291929204,-0.05079327669451095
408,-1,-0.719715245053821,-0.28893482755662697
409,-1,-1.058326193725994,-0.24620518862277568
410,1,-1.0544242794244116,-0.5677811218400634
411,1,-0.42067398580975124,-0.7623260928876097
412,1,0.5051935286131005,-0.29844165000752193
413,1,1.0781490502020286,1.0907832157651383
414,1,1.1968832606778779,0.5061327551906332
415,-1,0.8999001662425634,1.306108354321677
416,-1,0.11153140647480933,0.19609180211851823
417,-1,-0.6911192151619676,0.09420311160640243
418,-1,-1.2321033088574698,-0.1560496076600577
419,-1,-1.5452023287627945,-0.7801477295676512
420,1,-1.402772127019734,-0.7595463646751992
421,1,-0.7068187871918582,-0.28685063130017624
422,1,0.077603114493497,-0.10448134978188445
423,1,0.606680396289716,0.40120540956147444
424,1,0.8374753919773238,0.9417546125347944
425,1,0.8234094095994111,1.2766656105726113
426,1,0.7581294932887639,0.68848433161495
427,1,0.8712741829399566,0.4941510195372073
428,1,1.1897564233920253,0.15545733439019976
429,1,1.613156309371456,0.2233817081856323
430,1,2.016938494747537,0.3478928436831845
431,1,2.253080021129133,1.0915450616985372
432,1,2.2437400615895813,1.1774669846310857
433,1,2.1275858724703975,1.1046497547411807
434,1,2.0270549136860607,1.2368233121074959
435,-1,1.6691972268610034,1.0386123972097092
436,-1,0.8346798798990366,0.6564813774015835
437,-1,-0.08088445090924767,0.2388179533425338
438,-1,-0.6625405591768389,-0.5559454779454558
439,-1,-0.9089652902792924,-0.5561181763629365
440,-1,-1.0837524723279492,-0.4761466827062156
441,-1,-1.3504891407686512,-0.32822007839237816
442,-1,-1.6211031790818962,-0.8547182113524313
443,-1,-1.807631286788517,-0.4751781238355625
444,-1,-1.9317759751585637,-1.0785330552356873
445,1,-1.620588168178133,-1.3596007412179323
446,1,-0.7197789943341404,-0.4386894183593747
447,1,0.20080655424150484,-0.2699042814575799
448,1,0.7623658682005195,0.5051777458902506
449,1,1.0296205757024597,0.4776694149112981
450,1,1.2439300091851395,0.44370548609705157
451,1,1.4853966464749435,0.6495908910234929
452,1,1.7455891664386955,0.2832768189559797
453,1,1.9430941929750374,1.2057480209922082
454,1,1.9128476051681353,1.3034529475175627
455,-1,1.5117054063477995,0.8222724012347062
456,-1,0.696753817982299,0.6934121948462445
457,-1,-0.21338241353170717,0.39898794238880514
458,-1,-0.9111334691456687,-0.06891573204624851
459,-1,-1.2923950154912258,-0.7833656378759439
460,1,-1.2473630036372896,-0.008615920785725484
461,1,-0.7588616571207477,-0.22112594791556195
462,1,-0.10465734992558462,-0.03357091145001473
463,1,0.5261935552990571,-0.4044631450506663
464,1,1.037856267773751,0.6964931080270852
465,-1,1.0131137541095272,0.6423756487033495
466,-1,0.37083157836018504,0.08161599799079788
467,-1,-0.265909926797558,-0.568359210645462
468,-1,-0.629245995570088,-0.057975797619783
469,-1,-0.9550135038061066,-0.35160918781535555
470,-1,-1.312353641430721,-0.3368520206811937
471,-1,-1.5981082266585638,-0.759122583787667
472,-1,-1.687577196006234,-1.2163481600573265
473,-1,-1.6914231548874077,-0.5092450740913477
474,-1,-1.783609112984427,-0.9608616487771962
475,-1,-1.7812880620204388,-1.5825052142234188
476,-1,-1.5923297058722454,-1.1953551395910513
477,-1,-1.5264865642448568,-0.40112797698964336
478,-1,-1.7007086968820593,-0.8678697653604667
479,-1,-1.8967170078500253,-0.652615991228082
480,1,-1.7080031155414124,-1.0920837396262346
481,1,-0.8904847735878985,-0.6969127623991062
482,1,0.009275622419959398,0.17327329541901476
483,1,0.5602572135101174,0.06270188305013358
484,1,0.9381139749895362,0.18179751597395255
485,-1,1.0395785379773959,0.2552455217700719
486,-1,0.566519438310635,0.3424651576479983
487,-1,-0.10800453938178922,-0.4045958960150182
488,-1,-0.5523647194764434,-0.27536251406728396
489,-1,-0.8854698154676597,-0.0982307681001349
490,-1,-1.2638850030064783,-0.36996795085671885
491,-1,-1.5727251136650198,-0.7432777979951224
492,-1,-1.8220123698936264,-0.11234665364999985
493,-1,-2.0621341266684645,-1.032884679422298
494,-1,-2.109696851786555,-1.275386754429705
495,1,-1.6923060706307222,-1.174528987531796
496,1,-0.7746793628816686,-0.6707500082790633
497,1,0.1714403957416821,-0.3057792731071844
498,1,0.7693082095720237,0.49896291091011513
499,1,1.003207181684889,0.7791923280219946
500,1,1.103192441380728,0.6079741767040631
501,1,1.3185369713464474,0.19737324089624964
502,1,1.6017320308426304,0.9290755911296245
503,1,1.8215947495792169,0.29535817992309477
504,1,2.005656360772816,0.9558032469494301
505,1,2.103686174456879,0.8696534936814644
506,1,2.112509240294365,1.1144049865337102
507,1,2.103113367135036,0.8295715891114664
508,1,2.14996651288541,0.8757462399219559
509,1,2.2083773381035057,1.0182035900332225
510,1,2.2006085236342257,1.138083133887332
511,1,2.111413444475639,1.271666330962445
512,1,1.9804013009791641,1.2136915616551467
513,1,1.9427385913400395,0.6154817533469155
514,1,1.9921843080427801,1.308668491938489
515,-1,1.6734254426568789,1.0937587814828873
516,-1,0.8382921546957092,0.3619214741832
517,-1,0.018842026857974856,-0.010122255767966243
518,-1,-0.45221196979890477,-0.5207456735793149
519,-1,-0.7148533318092598,-0.28849496062072805
520,-1,-1.0142594245786616,-0.2852290867500665
521,-1,-1.304837090909319,-0.8586940674420293
522,-1,-1.507225557575456,-0.3839403016367784
523,-1,-1.720121779528272,-0.6096860501332086
524,-1,-1.8369492472656788,-1.3650670032623358
525,-1,-1.8505208859285243,-0.43227557035208636
526,-1,-2.00168882489832,-0.5444225682994499
527,-1,-2.2522450469799344,-0.6729026713158177
528,-1,-2.3165438399295453,-1.6451883015992252
529,-1,-2.0453107596555764,-1.7322025151249334
530,1,-1.4795119184110679,-0.7113636629533342
531,1,-0.727411735927361,-0.23046573926564573
532,1,-0.004424344304155239,-0.30908759465379465
533,1,0.6329674580819848,-0.19233540817815498
534,1,1.1156437397456085,0.6465334268066932
535,-1,1.106174668025657,0.4303680880987295
536,-1,0.509727410377415,0.2315432907571088
537,-1,-0.18816988724536954,-0.19980347087180794
538,-1,-0.7204755342489406,0.20626151294911557
539,-1,-1.2019085028565586,-0.16861036241201077
540,1,-1.306273334031961,-0.6308703503324911
541,1,-0.6925509199992352,-0.5234806312391063
542,1,0.12151449498784443,0.23755655055800307
543,1,0.5659328439684571,0.7154613357770299
544,1,0.821704480334491,-0.2207859883487836
545,-1,0.9448240716814255,0.30707906291808235
546,-1,0.6189929499425717,-0.29861687206670817
547,-1,0.04942164239733211,0.1659616153728103
548,-1,-0.5484518677628459,0.18763022759187203
549,-1,-1.0716002960592586,-0.36851159370084635
550,-1,-1.4016658277191243,-0.6438187249226393
551,-1,-1.5910599510702266,-0.5490505934516177
552,-1,-1.7692968006541303,-0.6492769213390073
553,-1,-1.9155509016178316,-0.9464308836711907
554,-1,-1.9534584241271657,-1.0665694047949112
555,-1,-1.8797177725492062,-1.2947325509586436
556,-1,-1.7925903561191698,-0.8778310306589477
557,-1,-1.8595545472122574,-0.5106874446477423
558,-1,-2.05896869831411,-0.7810914286139186
559,-1,-2.233615884106755,-0.7257630145524585
560,-1,-2.2328596354083503,-1.6363025233382553
561,-1,-1.9945962252031848,-1.4922328143089176
562,-1,-1.8068346675364189,-0.6329311695872358
563,-1,-1.867576753942283,-0.9181152550020054
564,-1,-2.01500189010685,-0.7338827810935854
565,1,-1.8204634684538452,-1.036845650773676
566,1,-1.006416014290915,-0.7676861927107056
567,1,0.008541815564191882,-0.5586506580437137
568,1,0.7807417243387325,0.0430703684506015
569,1,1.2185024310736443,0.5001637242380765
570,1,1.4368793014226275,0.6654830979714481
571,1,1.6211820659373208,0.41435206088721793
572,1,1.8558795290028771,0.6331493258416732
573,1,2.059476555850226,0.7563123413611708
574,1,2.177072477534426,0.8614532523193069
575,-1,1.9760391268028128,0.7330881216966433
576,-1,1.2136773158717795,0.9087903036449897
577,-1,0.2698393857748291,0.11181287088665559
578,-1,-0.35166283887001204,-0.3697231067591381
579,-1,-0.6640860999865047,-0.35337506965170945
580,-1,-0.9418647468578564,-0.2840393775246587
581,-1,-1.2183348939279015,-0.8200424164411166
582,-1,-1.3318674471199023,-1.091270116271833
583,-1,-1.3692428834516535,-0.49714351263557144
584,-1,-1.4978937242812616,-0.8283064997334564
585,-1,-1.6390535078454804,-0.8301241673019917
586,-1,-1.71694971378552,-0.9225657431868347
587,-1,-1.8606898839671484,-0.16427757936132248
588,-1,-2.084038567917128,-1.0927538445566323
589,-1,-2.2344229163597022,-0.5226181157715679
590,-1,-2.3493411936122297,-0.9014271057558141
591,-1,-2.340481136984194,-1.539649175736768
592,-1,-2.1672266324054332,-1.1718710963542842
593,-1,-2.035184579993803,-0.9796207601038646
594,-1,-1.9784686405387037,-1.352939369542315
595,-1,-1.9386904382952106,-0.7691568528466977
596,-1,-1.9821440451383299,-0.8619961034794542
597,-1,-2.0847511513668167,-0.8040716997145841
598,-1,-2.1295746303015495,-1.2354696667016902
599,-1,-2.0187580975717605,-1.4196944458567804
600,1,-1.5312060005458275,-1.2824968551877105
601,1,-0.6064710419290456,-0.5434687762708532
602,1,0.29449473306985396,-0.21508598329191575
603,1,0.7786995850329814,0.9715414782895895
604,1,0.996165832723457,-0.12385914692194766
605,-1,1.0572223084666628,0.28714006872615405
606,-1,0.6044598861417727,0.5104027337257013
607,-1,-0.15613750922217207,-0.018983148844344558
608,-1,-0.800450891743302,0.14593897805978473
609,-1,-1.2673889325734837,-0.36985854431495346
610,-1,-1.5734524732596253,-0.620949510225905
611,-1,-1.753206252135454,-0.7134324396210684
612,-1,-1.898452544364583,-0.6232809845939143
613,-1,-2.0407710436527964,-0.861700809920264
614,-1,-2.1168086858216064,-1.0063436929787688
615,-1,-2.1199479643995187,-0.9887920520927319
616,-1,-2.1471182667305877,-0.724621846844417
617,-1,-2.255459627658288,-0.7793622399175711
618,-1,-2.3843037093191275,-0.8157351350700912
619,-1,-2.4933628707891424,-0.7664786896713272
620,-1,-2.4949027938643535,-1.5231814605640888
621,-1,-2.3963745648368557,-0.7825180275684772
622,-1,-2.4151893891055214,-0.7316861158962734
623,-1,-2.466609601640102,-1.4369791870411701
624,-1,-2.3441232817416267,-1.3372618360706947
625,-1,-2.067883475085864,-1.759169315257697
626,-1,-1.7657515727260638,-1.2740801278905176
627,-1,-1.6687128329740173,-0.5809153216506998
628,-1,-1.8541474681629206,-0.5106352225305157
629,-1,-2.136343770403793,-0.6036049706853339
630,-1,-2.350141152397606,-0.7184289431802772
631,-1,-2.4830835874990775,-0.7784915995077037
632,-1,-2.6016569991293856,-0.6756721186504407
633,-1,-2.631461447440695,-1.5334711969869617
